timestamp_utc,run_id,status,mode,scale_id,agents,universal_agents,bound_k,states,atomic_propositions,actions_per_universal_agent,repetition,timeout_seconds,wall_seconds,cpu_seconds,peak_rss_mb,satisfiable,existential_candidates,universal_profiles_checked,unrestricted_opponent_checks,unrestricted_opponent_shortcuts,complete_profile_checks,raw_domain_size_per_universal_agent,raw_profile_space_upper_bound,formula,model_file,error
2026-09-02T13:51:03.725308+00:00,20260902T135103Z,completed,space,S6-P3,2,1,1,6,3,2,1,120.0,0.012280900031328201,0.015625,34.3203125,True,1,2,1,0,2,2,2,"E{1}xA{1}y:(x,1)(y,2)Fgoal",C:\Users\utente\Downloads\VITAMIN-NatSL\benchmark_results\natsl_scalability\models\bounded_opponent_S6_P3_2_agents.txt,
2026-09-02T13:51:04.120232+00:00,20260902T135103Z,completed,space,S6-P3,2,1,1,6,3,2,2,120.0,0.01653479994274676,0.015625,33.86328125,True,1,2,1,0,2,2,2,"E{1}xA{1}y:(x,1)(y,2)Fgoal",C:\Users\utente\Downloads\VITAMIN-NatSL\benchmark_results\natsl_scalability\models\bounded_opponent_S6_P3_2_agents.txt,
2026-09-02T13:51:04.464181+00:00,20260902T135103Z,completed,space,S6-P3,2,1,1,6,3,2,3,120.0,0.011309699970297515,0.015625,33.7734375,True,1,2,1,0,2,2,2,"E{1}xA{1}y:(x,1)(y,2)Fgoal",C:\Users\utente\Downloads\VITAMIN-NatSL\benchmark_results\natsl_scalability\models\bounded_opponent_S6_P3_2_agents.txt,
2026-09-02T13:51:04.765638+00:00,20260902T135103Z,completed,space,S6-P3,2,1,2,6,3,2,1,120.0,0.03670649998821318,0.03125,33.703125,False,1,9,1,0,9,26,26,"E{1}xA{2}y:(x,1)(y,2)Fgoal",C:\Users\utente\Downloads\VITAMIN-NatSL\benchmark_results\natsl_scalability\models\bounded_opponent_S6_P3_2_agents.txt,
2026-09-02T13:51:05.074957+00:00,20260902T135103Z,completed,space,S6-P3,2,1,2,6,3,2,2,120.0,0.028380500036291778,0.03125,33.67578125,False,1,9,1,0,9,26,26,"E{1}xA{2}y:(x,1)(y,2)Fgoal",C:\Users\utente\Downloads\VITAMIN-NatSL\benchmark_results\natsl_scalability\models\bounded_opponent_S6_P3_2_agents.txt,
2026-09-02T13:51:05.325484+00:00,20260902T135103Z,completed,space,S6-P3,2,1,2,6,3,2,3,120.0,0.03102200001012534,0.03125,33.7109375,False,1,9,1,0,9,26,26,"E{1}xA{2}y:(x,1)(y,2)Fgoal",C:\Users\utente\Downloads\VITAMIN-NatSL\benchmark_results\natsl_scalability\models\bounded_opponent_S6_P3_2_agents.txt,
2026-09-02T13:51:05.609007+00:00,20260902T135103Z,completed,space,S6-P3,2,1,3,6,3,2,1,120.0,0.025105200009420514,0.03125,33.71875,False,1,7,1,0,7,266,266,"E{1}xA{3}y:(x,1)(y,2)Fgoal",C:\Users\utente\Downloads\VITAMIN-NatSL\benchmark_results\natsl_scalability\models\bounded_opponent_S6_P3_2_agents.txt,
2026-09-02T13:51:05.878527+00:00,20260902T135103Z,completed,space,S6-P3,2,1,3,6,3,2,2,120.0,0.044967700028792024,0.046875,33.83984375,False,1,7,1,0,7,266,266,"E{1}xA{3}y:(x,1)(y,2)Fgoal",C:\Users\utente\Downloads\VITAMIN-NatSL\benchmark_results\natsl_scalability\models\bounded_opponent_S6_P3_2_agents.txt,
2026-09-02T13:51:06.225788+00:00,20260902T135103Z,completed,space,S6-P3,2,1,3,6,3,2,3,120.0,0.02663800003938377,0.03125,33.86328125,False,1,7,1,0,7,266,266,"E{1}xA{3}y:(x,1)(y,2)Fgoal",C:\Users\utente\Downloads\VITAMIN-NatSL\benchmark_results\natsl_scalability\models\bounded_opponent_S6_P3_2_agents.txt,
2026-09-02T13:51:06.607283+00:00,20260902T135103Z,completed,space,S6-P3,2,1,4,6,3,2,1,120.0,0.04347220005001873,0.046875,33.875,False,1,11,1,0,11,2282,2282,"E{1}xA{4}y:(x,1)(y,2)Fgoal",C:\Users\utente\Downloads\VITAMIN-NatSL\benchmark_results\natsl_scalability\models\bounded_opponent_S6_P3_2_agents.txt,
2026-09-02T13:51:06.888795+00:00,20260902T135103Z,completed,space,S6-P3,2,1,4,6,3,2,2,120.0,0.03933619998861104,0.015625,33.78125,False,1,11,1,0,11,2282,2282,"E{1}xA{4}y:(x,1)(y,2)Fgoal",C:\Users\utente\Downloads\VITAMIN-NatSL\benchmark_results\natsl_scalability\models\bounded_opponent_S6_P3_2_agents.txt,
2026-09-02T13:51:07.172374+00:00,20260902T135103Z,completed,space,S6-P3,2,1,4,6,3,2,3,120.0,0.040312099969014525,0.046875,33.72265625,False,1,11,1,0,11,2282,2282,"E{1}xA{4}y:(x,1)(y,2)Fgoal",C:\Users\utente\Downloads\VITAMIN-NatSL\benchmark_results\natsl_scalability\models\bounded_opponent_S6_P3_2_agents.txt,
2026-09-02T13:51:07.458920+00:00,20260902T135103Z,completed,space,S6-P3,3,2,1,6,3,2,1,120.0,0.01716749998740852,0.015625,33.8984375,True,1,4,1,0,4,2,4,"E{1}xA{1}yA{1}z:(x,1)(y,2)(z,3)Fgoal",C:\Users\utente\Downloads\VITAMIN-NatSL\benchmark_results\natsl_scalability\models\bounded_opponent_S6_P3_3_agents.txt,
2026-09-02T13:51:07.722970+00:00,20260902T135103Z,completed,space,S6-P3,3,2,1,6,3,2,2,120.0,0.01653919997625053,0.015625,33.72265625,True,1,4,1,0,4,2,4,"E{1}xA{1}yA{1}z:(x,1)(y,2)(z,3)Fgoal",C:\Users\utente\Downloads\VITAMIN-NatSL\benchmark_results\natsl_scalability\models\bounded_opponent_S6_P3_3_agents.txt,
2026-09-02T13:51:07.995214+00:00,20260902T135103Z,completed,space,S6-P3,3,2,1,6,3,2,3,120.0,0.017017200007103384,0.015625,33.875,True,1,4,1,0,4,2,4,"E{1}xA{1}yA{1}z:(x,1)(y,2)(z,3)Fgoal",C:\Users\utente\Downloads\VITAMIN-NatSL\benchmark_results\natsl_scalability\models\bounded_opponent_S6_P3_3_agents.txt,
2026-09-02T13:51:08.392001+00:00,20260902T135103Z,completed,space,S6-P3,3,2,2,6,3,2,1,120.0,0.33655090001411736,0.34375,33.765625,False,1,113,1,0,113,26,676,"E{1}xA{2}yA{2}z:(x,1)(y,2)(z,3)Fgoal",C:\Users\utente\Downloads\VITAMIN-NatSL\benchmark_results\natsl_scalability\models\bounded_opponent_S6_P3_3_agents.txt,
2026-09-02T13:51:08.966891+00:00,20260902T135103Z,completed,space,S6-P3,3,2,2,6,3,2,2,120.0,0.34334279992617667,0.328125,33.75,False,1,113,1,0,113,26,676,"E{1}xA{2}yA{2}z:(x,1)(y,2)(z,3)Fgoal",C:\Users\utente\Downloads\VITAMIN-NatSL\benchmark_results\natsl_scalability\models\bounded_opponent_S6_P3_3_agents.txt,
2026-09-02T13:51:09.594616+00:00,20260902T135103Z,completed,space,S6-P3,3,2,2,6,3,2,3,120.0,0.3359764999477193,0.328125,33.77734375,False,1,113,1,0,113,26,676,"E{1}xA{2}yA{2}z:(x,1)(y,2)(z,3)Fgoal",C:\Users\utente\Downloads\VITAMIN-NatSL\benchmark_results\natsl_scalability\models\bounded_opponent_S6_P3_3_agents.txt,
2026-09-02T13:51:10.176444+00:00,20260902T135103Z,completed,space,S6-P3,3,2,3,6,3,2,1,120.0,1.7009334000758827,1.484375,33.96484375,False,1,445,1,0,445,266,70756,"E{1}xA{3}yA{3}z:(x,1)(y,2)(z,3)Fgoal",C:\Users\utente\Downloads\VITAMIN-NatSL\benchmark_results\natsl_scalability\models\bounded_opponent_S6_P3_3_agents.txt,
2026-09-02T13:51:12.131564+00:00,20260902T135103Z,completed,space,S6-P3,3,2,3,6,3,2,2,120.0,1.7325378999812528,1.625,33.90234375,False,1,445,1,0,445,266,70756,"E{1}xA{3}yA{3}z:(x,1)(y,2)(z,3)Fgoal",C:\Users\utente\Downloads\VITAMIN-NatSL\benchmark_results\natsl_scalability\models\bounded_opponent_S6_P3_3_agents.txt,
2026-09-02T13:51:14.145512+00:00,20260902T135103Z,completed,space,S6-P3,3,2,3,6,3,2,3,120.0,1.73866629996337,1.640625,34.01171875,False,1,445,1,0,445,266,70756,"E{1}xA{3}yA{3}z:(x,1)(y,2)(z,3)Fgoal",C:\Users\utente\Downloads\VITAMIN-NatSL\benchmark_results\natsl_scalability\models\bounded_opponent_S6_P3_3_agents.txt,
2026-09-02T13:51:16.177795+00:00,20260902T135103Z,completed,space,S6-P3,3,2,4,6,3,2,1,120.0,31.253359799971804,29.5625,34.0546875,False,1,3381,1,0,3381,2282,5207524,"E{1}xA{4}yA{4}z:(x,1)(y,2)(z,3)Fgoal",C:\Users\utente\Downloads\VITAMIN-NatSL\benchmark_results\natsl_scalability\models\bounded_opponent_S6_P3_3_agents.txt,
2026-09-02T13:51:47.788582+00:00,20260902T135103Z,completed,space,S6-P3,3,2,4,6,3,2,2,120.0,35.10519289993681,32.75,34.296875,False,1,3381,1,0,3381,2282,5207524,"E{1}xA{4}yA{4}z:(x,1)(y,2)(z,3)Fgoal",C:\Users\utente\Downloads\VITAMIN-NatSL\benchmark_results\natsl_scalability\models\bounded_opponent_S6_P3_3_agents.txt,
2026-09-02T13:52:23.247560+00:00,20260902T135103Z,completed,space,S6-P3,3,2,4,6,3,2,3,120.0,35.46114250004757,33.8125,34.1875,False,1,3381,1,0,3381,2282,5207524,"E{1}xA{4}yA{4}z:(x,1)(y,2)(z,3)Fgoal",C:\Users\utente\Downloads\VITAMIN-NatSL\benchmark_results\natsl_scalability\models\bounded_opponent_S6_P3_3_agents.txt,
2026-09-02T13:52:59.014665+00:00,20260902T135103Z,completed,space,S6-P3,4,3,1,6,3,2,1,120.0,0.03313879994675517,0.03125,33.83203125,True,1,8,1,0,8,2,8,"E{1}xA{1}yA{1}zA{1}u:(x,1)(y,2)(z,3)(u,4)Fgoal",C:\Users\utente\Downloads\VITAMIN-NatSL\benchmark_results\natsl_scalability\models\bounded_opponent_S6_P3_4_agents.txt,
2026-09-02T13:52:59.324813+00:00,20260902T135103Z,completed,space,S6-P3,4,3,1,6,3,2,2,120.0,0.025084700086154044,0.03125,33.85546875,True,1,8,1,0,8,2,8,"E{1}xA{1}yA{1}zA{1}u:(x,1)(y,2)(z,3)(u,4)Fgoal",C:\Users\utente\Downloads\VITAMIN-NatSL\benchmark_results\natsl_scalability\models\bounded_opponent_S6_P3_4_agents.txt,
2026-09-02T13:52:59.610317+00:00,20260902T135103Z,completed,space,S6-P3,4,3,1,6,3,2,3,120.0,0.03681760001927614,0.03125,33.87890625,True,1,8,1,0,8,2,8,"E{1}xA{1}yA{1}zA{1}u:(x,1)(y,2)(z,3)(u,4)Fgoal",C:\Users\utente\Downloads\VITAMIN-NatSL\benchmark_results\natsl_scalability\models\bounded_opponent_S6_P3_4_agents.txt,
2026-09-02T13:52:59.893326+00:00,20260902T135103Z,completed,space,S6-P3,4,3,2,6,3,2,1,120.0,12.051471499959007,11.46875,34.015625,False,1,1569,1,0,1569,26,17576,"E{1}xA{2}yA{2}zA{2}u:(x,1)(y,2)(z,3)(u,4)Fgoal",C:\Users\utente\Downloads\VITAMIN-NatSL\benchmark_results\natsl_scalability\models\bounded_opponent_S6_P3_4_agents.txt,
2026-09-02T13:53:12.272893+00:00,20260902T135103Z,completed,space,S6-P3,4,3,2,6,3,2,2,120.0,11.681094100000337,10.828125,34.0390625,False,1,1569,1,0,1569,26,17576,"E{1}xA{2}yA{2}zA{2}u:(x,1)(y,2)(z,3)(u,4)Fgoal",C:\Users\utente\Downloads\VITAMIN-NatSL\benchmark_results\natsl_scalability\models\bounded_opponent_S6_P3_4_agents.txt,
2026-09-02T13:53:24.280218+00:00,20260902T135103Z,completed,space,S6-P3,4,3,2,6,3,2,3,120.0,9.88410740008112,9.328125,33.98828125,False,1,1569,1,0,1569,26,17576,"E{1}xA{2}yA{2}zA{2}u:(x,1)(y,2)(z,3)(u,4)Fgoal",C:\Users\utente\Downloads\VITAMIN-NatSL\benchmark_results\natsl_scalability\models\bounded_opponent_S6_P3_4_agents.txt,
2026-09-02T13:53:34.482439+00:00,20260902T135103Z,timeout,space,S6-P3,4,3,3,6,3,2,1,120.0,120.0,,,,,,,,,266,18821096,"E{1}xA{3}yA{3}zA{3}u:(x,1)(y,2)(z,3)(u,4)Fgoal",C:\Users\utente\Downloads\VITAMIN-NatSL\benchmark_results\natsl_scalability\models\bounded_opponent_S6_P3_4_agents.txt,timeout
2026-09-02T13:55:34.523744+00:00,20260902T135103Z,timeout,space,S6-P3,4,3,3,6,3,2,2,120.0,120.0,,,,,,,,,266,18821096,"E{1}xA{3}yA{3}zA{3}u:(x,1)(y,2)(z,3)(u,4)Fgoal",C:\Users\utente\Downloads\VITAMIN-NatSL\benchmark_results\natsl_scalability\models\bounded_opponent_S6_P3_4_agents.txt,timeout
2026-09-02T13:57:34.530158+00:00,20260902T135103Z,timeout,space,S6-P3,4,3,3,6,3,2,3,120.0,120.0,,,,,,,,,266,18821096,"E{1}xA{3}yA{3}zA{3}u:(x,1)(y,2)(z,3)(u,4)Fgoal",C:\Users\utente\Downloads\VITAMIN-NatSL\benchmark_results\natsl_scalability\models\bounded_opponent_S6_P3_4_agents.txt,timeout
2026-09-02T13:59:34.561930+00:00,20260902T135103Z,timeout,space,S6-P3,4,3,4,6,3,2,1,120.0,120.0,,,,,,,,,2282,11883569768,"E{1}xA{4}yA{4}zA{4}u:(x,1)(y,2)(z,3)(u,4)Fgoal",C:\Users\utente\Downloads\VITAMIN-NatSL\benchmark_results\natsl_scalability\models\bounded_opponent_S6_P3_4_agents.txt,timeout
2026-09-02T14:01:34.596067+00:00,20260902T135103Z,timeout,space,S6-P3,4,3,4,6,3,2,2,120.0,120.0,,,,,,,,,2282,11883569768,"E{1}xA{4}yA{4}zA{4}u:(x,1)(y,2)(z,3)(u,4)Fgoal",C:\Users\utente\Downloads\VITAMIN-NatSL\benchmark_results\natsl_scalability\models\bounded_opponent_S6_P3_4_agents.txt,timeout
2026-09-02T14:03:34.621361+00:00,20260902T135103Z,timeout,space,S6-P3,4,3,4,6,3,2,3,120.0,120.0,,,,,,,,,2282,11883569768,"E{1}xA{4}yA{4}zA{4}u:(x,1)(y,2)(z,3)(u,4)Fgoal",C:\Users\utente\Downloads\VITAMIN-NatSL\benchmark_results\natsl_scalability\models\bounded_opponent_S6_P3_4_agents.txt,timeout
2026-09-02T14:05:34.642592+00:00,20260902T135103Z,completed,space,S6-P3,5,4,1,6,3,2,1,120.0,0.05122019990812987,0.046875,33.8125,True,1,16,1,0,16,2,16,"E{1}xA{1}yA{1}zA{1}uA{1}v:(x,1)(y,2)(z,3)(u,4)(v,5)Fgoal",C:\Users\utente\Downloads\VITAMIN-NatSL\benchmark_results\natsl_scalability\models\bounded_opponent_S6_P3_5_agents.txt,
2026-09-02T14:05:35.018717+00:00,20260902T135103Z,completed,space,S6-P3,5,4,1,6,3,2,2,120.0,0.06639420008286834,0.046875,33.55859375,True,1,16,1,0,16,2,16,"E{1}xA{1}yA{1}zA{1}uA{1}v:(x,1)(y,2)(z,3)(u,4)(v,5)Fgoal",C:\Users\utente\Downloads\VITAMIN-NatSL\benchmark_results\natsl_scalability\models\bounded_opponent_S6_P3_5_agents.txt,
2026-09-02T14:05:35.353961+00:00,20260902T135103Z,completed,space,S6-P3,5,4,1,6,3,2,3,120.0,0.049130700062960386,0.046875,33.66015625,True,1,16,1,0,16,2,16,"E{1}xA{1}yA{1}zA{1}uA{1}v:(x,1)(y,2)(z,3)(u,4)(v,5)Fgoal",C:\Users\utente\Downloads\VITAMIN-NatSL\benchmark_results\natsl_scalability\models\bounded_opponent_S6_P3_5_agents.txt,
2026-09-02T14:05:35.665263+00:00,20260902T135103Z,timeout,space,S6-P3,5,4,2,6,3,2,1,120.0,120.0,,,,,,,,,26,456976,"E{1}xA{2}yA{2}zA{2}uA{2}v:(x,1)(y,2)(z,3)(u,4)(v,5)Fgoal",C:\Users\utente\Downloads\VITAMIN-NatSL\benchmark_results\natsl_scalability\models\bounded_opponent_S6_P3_5_agents.txt,timeout
2026-09-02T14:07:35.718542+00:00,20260902T135103Z,timeout,space,S6-P3,5,4,2,6,3,2,2,120.0,120.0,,,,,,,,,26,456976,"E{1}xA{2}yA{2}zA{2}uA{2}v:(x,1)(y,2)(z,3)(u,4)(v,5)Fgoal",C:\Users\utente\Downloads\VITAMIN-NatSL\benchmark_results\natsl_scalability\models\bounded_opponent_S6_P3_5_agents.txt,timeout
2026-09-02T14:09:35.751005+00:00,20260902T135103Z,timeout,space,S6-P3,5,4,2,6,3,2,3,120.0,120.0,,,,,,,,,26,456976,"E{1}xA{2}yA{2}zA{2}uA{2}v:(x,1)(y,2)(z,3)(u,4)(v,5)Fgoal",C:\Users\utente\Downloads\VITAMIN-NatSL\benchmark_results\natsl_scalability\models\bounded_opponent_S6_P3_5_agents.txt,timeout
2026-09-02T14:11:35.767742+00:00,20260902T135103Z,timeout,space,S6-P3,5,4,3,6,3,2,1,120.0,120.0,,,,,,,,,266,5006411536,"E{1}xA{3}yA{3}zA{3}uA{3}v:(x,1)(y,2)(z,3)(u,4)(v,5)Fgoal",C:\Users\utente\Downloads\VITAMIN-NatSL\benchmark_results\natsl_scalability\models\bounded_opponent_S6_P3_5_agents.txt,timeout
2026-09-02T14:13:35.812192+00:00,20260902T135103Z,timeout,space,S6-P3,5,4,3,6,3,2,2,120.0,120.0,,,,,,,,,266,5006411536,"E{1}xA{3}yA{3}zA{3}uA{3}v:(x,1)(y,2)(z,3)(u,4)(v,5)Fgoal",C:\Users\utente\Downloads\VITAMIN-NatSL\benchmark_results\natsl_scalability\models\bounded_opponent_S6_P3_5_agents.txt,timeout
2026-09-02T14:15:35.828880+00:00,20260902T135103Z,timeout,space,S6-P3,5,4,3,6,3,2,3,120.0,120.0,,,,,,,,,266,5006411536,"E{1}xA{3}yA{3}zA{3}uA{3}v:(x,1)(y,2)(z,3)(u,4)(v,5)Fgoal",C:\Users\utente\Downloads\VITAMIN-NatSL\benchmark_results\natsl_scalability\models\bounded_opponent_S6_P3_5_agents.txt,timeout
2026-09-02T14:17:35.842419+00:00,20260902T135103Z,timeout,space,S6-P3,5,4,4,6,3,2,1,120.0,120.0,,,,,,,,,2282,27118306210576,"E{1}xA{4}yA{4}zA{4}uA{4}v:(x,1)(y,2)(z,3)(u,4)(v,5)Fgoal",C:\Users\utente\Downloads\VITAMIN-NatSL\benchmark_results\natsl_scalability\models\bounded_opponent_S6_P3_5_agents.txt,timeout
2026-09-02T14:19:35.878691+00:00,20260902T135103Z,timeout,space,S6-P3,5,4,4,6,3,2,2,120.0,120.0,,,,,,,,,2282,27118306210576,"E{1}xA{4}yA{4}zA{4}uA{4}v:(x,1)(y,2)(z,3)(u,4)(v,5)Fgoal",C:\Users\utente\Downloads\VITAMIN-NatSL\benchmark_results\natsl_scalability\models\bounded_opponent_S6_P3_5_agents.txt,timeout
2026-09-02T14:21:35.902504+00:00,20260902T135103Z,timeout,space,S6-P3,5,4,4,6,3,2,3,120.0,120.0,,,,,,,,,2282,27118306210576,"E{1}xA{4}yA{4}zA{4}uA{4}v:(x,1)(y,2)(z,3)(u,4)(v,5)Fgoal",C:\Users\utente\Downloads\VITAMIN-NatSL\benchmark_results\natsl_scalability\models\bounded_opponent_S6_P3_5_agents.txt,timeout
2026-09-02T14:23:35.934594+00:00,20260902T135103Z,completed,space,S10-P5,2,1,1,10,5,2,1,120.0,0.014543300028890371,0.0,33.86328125,True,1,2,1,0,2,2,2,"E{1}xA{1}y:(x,1)(y,2)Fgoal",C:\Users\utente\Downloads\VITAMIN-NatSL\benchmark_results\natsl_scalability\models\bounded_opponent_S10_P5_2_agents.txt,
2026-09-02T14:23:36.282231+00:00,20260902T135103Z,completed,space,S10-P5,2,1,1,10,5,2,2,120.0,0.017169500002637506,0.0,33.60546875,True,1,2,1,0,2,2,2,"E{1}xA{1}y:(x,1)(y,2)Fgoal",C:\Users\utente\Downloads\VITAMIN-NatSL\benchmark_results\natsl_scalability\models\bounded_opponent_S10_P5_2_agents.txt,
2026-09-02T14:23:36.540168+00:00,20260902T135103Z,completed,space,S10-P5,2,1,1,10,5,2,3,120.0,0.010344999958761036,0.015625,33.80078125,True,1,2,1,0,2,2,2,"E{1}xA{1}y:(x,1)(y,2)Fgoal",C:\Users\utente\Downloads\VITAMIN-NatSL\benchmark_results\natsl_scalability\models\bounded_opponent_S10_P5_2_agents.txt,
2026-09-02T14:23:36.776113+00:00,20260902T135103Z,completed,space,S10-P5,2,1,2,10,5,2,1,120.0,0.06306880002375692,0.046875,33.8515625,False,1,17,1,0,17,42,42,"E{1}xA{2}y:(x,1)(y,2)Fgoal",C:\Users\utente\Downloads\VITAMIN-NatSL\benchmark_results\natsl_scalability\models\bounded_opponent_S10_P5_2_agents.txt,
2026-09-02T14:23:37.135585+00:00,20260902T135103Z,completed,space,S10-P5,2,1,2,10,5,2,2,120.0,0.06306079996284097,0.046875,33.80859375,False,1,17,1,0,17,42,42,"E{1}xA{2}y:(x,1)(y,2)Fgoal",C:\Users\utente\Downloads\VITAMIN-NatSL\benchmark_results\natsl_scalability\models\bounded_opponent_S10_P5_2_agents.txt,
2026-09-02T14:23:37.449640+00:00,20260902T135103Z,completed,space,S10-P5,2,1,2,10,5,2,3,120.0,0.06008159997873008,0.0625,33.94140625,False,1,17,1,0,17,42,42,"E{1}xA{2}y:(x,1)(y,2)Fgoal",C:\Users\utente\Downloads\VITAMIN-NatSL\benchmark_results\natsl_scalability\models\bounded_opponent_S10_P5_2_agents.txt,
2026-09-02T14:23:37.750801+00:00,20260902T135103Z,completed,space,S10-P5,2,1,3,10,5,2,1,120.0,0.05568330001551658,0.0625,33.83203125,False,1,15,1,0,15,762,762,"E{1}xA{3}y:(x,1)(y,2)Fgoal",C:\Users\utente\Downloads\VITAMIN-NatSL\benchmark_results\natsl_scalability\models\bounded_opponent_S10_P5_2_agents.txt,
2026-09-02T14:23:38.089928+00:00,20260902T135103Z,completed,space,S10-P5,2,1,3,10,5,2,2,120.0,0.06788810004945844,0.078125,33.69921875,False,1,15,1,0,15,762,762,"E{1}xA{3}y:(x,1)(y,2)Fgoal",C:\Users\utente\Downloads\VITAMIN-NatSL\benchmark_results\natsl_scalability\models\bounded_opponent_S10_P5_2_agents.txt,
2026-09-02T14:23:38.443048+00:00,20260902T135103Z,completed,space,S10-P5,2,1,3,10,5,2,3,120.0,0.06612730002962053,0.0625,33.66015625,False,1,15,1,0,15,762,762,"E{1}xA{3}y:(x,1)(y,2)Fgoal",C:\Users\utente\Downloads\VITAMIN-NatSL\benchmark_results\natsl_scalability\models\bounded_opponent_S10_P5_2_agents.txt,
2026-09-02T14:23:38.792247+00:00,20260902T135103Z,completed,space,S10-P5,2,1,4,10,5,2,1,120.0,0.05179089994635433,0.046875,33.8515625,False,1,13,1,0,13,12602,12602,"E{1}xA{4}y:(x,1)(y,2)Fgoal",C:\Users\utente\Downloads\VITAMIN-NatSL\benchmark_results\natsl_scalability\models\bounded_opponent_S10_P5_2_agents.txt,
2026-09-02T14:23:39.117052+00:00,20260902T135103Z,completed,space,S10-P5,2,1,4,10,5,2,2,120.0,0.05196450010407716,0.046875,33.76953125,False,1,13,1,0,13,12602,12602,"E{1}xA{4}y:(x,1)(y,2)Fgoal",C:\Users\utente\Downloads\VITAMIN-NatSL\benchmark_results\natsl_scalability\models\bounded_opponent_S10_P5_2_agents.txt,
2026-09-02T14:23:39.419861+00:00,20260902T135103Z,completed,space,S10-P5,2,1,4,10,5,2,3,120.0,0.057191899977624416,0.03125,33.81640625,False,1,13,1,0,13,12602,12602,"E{1}xA{4}y:(x,1)(y,2)Fgoal",C:\Users\utente\Downloads\VITAMIN-NatSL\benchmark_results\natsl_scalability\models\bounded_opponent_S10_P5_2_agents.txt,
2026-09-02T14:23:39.739530+00:00,20260902T135103Z,completed,space,S10-P5,3,2,1,10,5,2,1,120.0,0.018953499966301024,0.015625,33.6953125,True,1,4,1,0,4,2,4,"E{1}xA{1}yA{1}z:(x,1)(y,2)(z,3)Fgoal",C:\Users\utente\Downloads\VITAMIN-NatSL\benchmark_results\natsl_scalability\models\bounded_opponent_S10_P5_3_agents.txt,
2026-09-02T14:23:40.032135+00:00,20260902T135103Z,completed,space,S10-P5,3,2,1,10,5,2,2,120.0,0.016093499958515167,0.015625,33.859375,True,1,4,1,0,4,2,4,"E{1}xA{1}yA{1}z:(x,1)(y,2)(z,3)Fgoal",C:\Users\utente\Downloads\VITAMIN-NatSL\benchmark_results\natsl_scalability\models\bounded_opponent_S10_P5_3_agents.txt,
2026-09-02T14:23:40.331252+00:00,20260902T135103Z,completed,space,S10-P5,3,2,1,10,5,2,3,120.0,0.017847499926574528,0.015625,34.0,True,1,4,1,0,4,2,4,"E{1}xA{1}yA{1}z:(x,1)(y,2)(z,3)Fgoal",C:\Users\utente\Downloads\VITAMIN-NatSL\benchmark_results\natsl_scalability\models\bounded_opponent_S10_P5_3_agents.txt,
2026-09-02T14:23:40.603561+00:00,20260902T135103Z,completed,space,S10-P5,3,2,2,10,5,2,1,120.0,1.4508777000010014,1.3125,33.984375,False,1,353,1,0,353,42,1764,"E{1}xA{2}yA{2}z:(x,1)(y,2)(z,3)Fgoal",C:\Users\utente\Downloads\VITAMIN-NatSL\benchmark_results\natsl_scalability\models\bounded_opponent_S10_P5_3_agents.txt,
2026-09-02T14:23:42.335278+00:00,20260902T135103Z,completed,space,S10-P5,3,2,2,10,5,2,2,120.0,1.388202599948272,1.1875,33.88671875,False,1,353,1,0,353,42,1764,"E{1}xA{2}yA{2}z:(x,1)(y,2)(z,3)Fgoal",C:\Users\utente\Downloads\VITAMIN-NatSL\benchmark_results\natsl_scalability\models\bounded_opponent_S10_P5_3_agents.txt,
2026-09-02T14:23:43.986575+00:00,20260902T135103Z,completed,space,S10-P5,3,2,2,10,5,2,3,120.0,1.360322399996221,1.234375,33.83203125,False,1,353,1,0,353,42,1764,"E{1}xA{2}yA{2}z:(x,1)(y,2)(z,3)Fgoal",C:\Users\utente\Downloads\VITAMIN-NatSL\benchmark_results\natsl_scalability\models\bounded_opponent_S10_P5_3_agents.txt,
2026-09-02T14:23:45.630491+00:00,20260902T135103Z,completed,space,S10-P5,3,2,3,10,5,2,1,120.0,29.150053299963474,27.265625,34.125,False,1,2829,1,0,2829,762,580644,"E{1}xA{3}yA{3}z:(x,1)(y,2)(z,3)Fgoal",C:\Users\utente\Downloads\VITAMIN-NatSL\benchmark_results\natsl_scalability\models\bounded_opponent_S10_P5_3_agents.txt,
2026-09-02T14:24:15.079141+00:00,20260902T135103Z,completed,space,S10-P5,3,2,3,10,5,2,2,120.0,29.15982000005897,27.640625,34.19921875,False,1,2829,1,0,2829,762,580644,"E{1}xA{3}yA{3}z:(x,1)(y,2)(z,3)Fgoal",C:\Users\utente\Downloads\VITAMIN-NatSL\benchmark_results\natsl_scalability\models\bounded_opponent_S10_P5_3_agents.txt,
2026-09-02T14:24:44.557346+00:00,20260902T135103Z,completed,space,S10-P5,3,2,3,10,5,2,3,120.0,23.600623599952087,22.171875,34.18359375,False,1,2829,1,0,2829,762,580644,"E{1}xA{3}yA{3}z:(x,1)(y,2)(z,3)Fgoal",C:\Users\utente\Downloads\VITAMIN-NatSL\benchmark_results\natsl_scalability\models\bounded_opponent_S10_P5_3_agents.txt,
2026-09-02T14:25:08.422442+00:00,20260902T135103Z,timeout,space,S10-P5,3,2,4,10,5,2,1,120.0,120.0,,,,,,,,,12602,158810404,"E{1}xA{4}yA{4}z:(x,1)(y,2)(z,3)Fgoal",C:\Users\utente\Downloads\VITAMIN-NatSL\benchmark_results\natsl_scalability\models\bounded_opponent_S10_P5_3_agents.txt,timeout
2026-09-02T14:27:08.463287+00:00,20260902T135103Z,timeout,space,S10-P5,3,2,4,10,5,2,2,120.0,120.0,,,,,,,,,12602,158810404,"E{1}xA{4}yA{4}z:(x,1)(y,2)(z,3)Fgoal",C:\Users\utente\Downloads\VITAMIN-NatSL\benchmark_results\natsl_scalability\models\bounded_opponent_S10_P5_3_agents.txt,timeout
2026-09-02T14:29:08.490174+00:00,20260902T135103Z,timeout,space,S10-P5,3,2,4,10,5,2,3,120.0,120.0,,,,,,,,,12602,158810404,"E{1}xA{4}yA{4}z:(x,1)(y,2)(z,3)Fgoal",C:\Users\utente\Downloads\VITAMIN-NatSL\benchmark_results\natsl_scalability\models\bounded_opponent_S10_P5_3_agents.txt,timeout
2026-09-02T14:31:08.502858+00:00,20260902T135103Z,completed,space,S10-P5,4,3,1,10,5,2,1,120.0,0.09078580001369119,0.078125,33.71484375,True,1,8,1,0,8,2,8,"E{1}xA{1}yA{1}zA{1}u:(x,1)(y,2)(z,3)(u,4)Fgoal",C:\Users\utente\Downloads\VITAMIN-NatSL\benchmark_results\natsl_scalability\models\bounded_opponent_S10_P5_4_agents.txt,
2026-09-02T14:31:08.898704+00:00,20260902T135103Z,completed,space,S10-P5,4,3,1,10,5,2,2,120.0,0.027991499984636903,0.03125,33.8984375,True,1,8,1,0,8,2,8,"E{1}xA{1}yA{1}zA{1}u:(x,1)(y,2)(z,3)(u,4)Fgoal",C:\Users\utente\Downloads\VITAMIN-NatSL\benchmark_results\natsl_scalability\models\bounded_opponent_S10_P5_4_agents.txt,
2026-09-02T14:31:09.235547+00:00,20260902T135103Z,completed,space,S10-P5,4,3,1,10,5,2,3,120.0,0.028878799988888204,0.03125,33.640625,True,1,8,1,0,8,2,8,"E{1}xA{1}yA{1}zA{1}u:(x,1)(y,2)(z,3)(u,4)Fgoal",C:\Users\utente\Downloads\VITAMIN-NatSL\benchmark_results\natsl_scalability\models\bounded_opponent_S10_P5_4_agents.txt,
2026-09-02T14:31:09.566456+00:00,20260902T135103Z,completed,space,S10-P5,4,3,2,10,5,2,1,120.0,75.6777873999672,71.5625,34.60546875,False,1,7745,1,0,7745,42,74088,"E{1}xA{2}yA{2}zA{2}u:(x,1)(y,2)(z,3)(u,4)Fgoal",C:\Users\utente\Downloads\VITAMIN-NatSL\benchmark_results\natsl_scalability\models\bounded_opponent_S10_P5_4_agents.txt,
2026-09-02T14:32:25.525666+00:00,20260902T135103Z,completed,space,S10-P5,4,3,2,10,5,2,2,120.0,83.09230839996599,79.203125,34.40625,False,1,7745,1,0,7745,42,74088,"E{1}xA{2}yA{2}zA{2}u:(x,1)(y,2)(z,3)(u,4)Fgoal",C:\Users\utente\Downloads\VITAMIN-NatSL\benchmark_results\natsl_scalability\models\bounded_opponent_S10_P5_4_agents.txt,
2026-09-02T14:33:49.003414+00:00,20260902T135103Z,completed,space,S10-P5,4,3,2,10,5,2,3,120.0,79.509648899897,75.078125,34.62890625,False,1,7745,1,0,7745,42,74088,"E{1}xA{2}yA{2}zA{2}u:(x,1)(y,2)(z,3)(u,4)Fgoal",C:\Users\utente\Downloads\VITAMIN-NatSL\benchmark_results\natsl_scalability\models\bounded_opponent_S10_P5_4_agents.txt,
2026-09-02T14:35:08.846389+00:00,20260902T135103Z,timeout,space,S10-P5,4,3,3,10,5,2,1,120.0,120.0,,,,,,,,,762,442450728,"E{1}xA{3}yA{3}zA{3}u:(x,1)(y,2)(z,3)(u,4)Fgoal",C:\Users\utente\Downloads\VITAMIN-NatSL\benchmark_results\natsl_scalability\models\bounded_opponent_S10_P5_4_agents.txt,timeout
2026-09-02T14:37:08.892668+00:00,20260902T135103Z,timeout,space,S10-P5,4,3,3,10,5,2,2,120.0,120.0,,,,,,,,,762,442450728,"E{1}xA{3}yA{3}zA{3}u:(x,1)(y,2)(z,3)(u,4)Fgoal",C:\Users\utente\Downloads\VITAMIN-NatSL\benchmark_results\natsl_scalability\models\bounded_opponent_S10_P5_4_agents.txt,timeout
2026-09-02T14:39:08.908922+00:00,20260902T135103Z,timeout,space,S10-P5,4,3,3,10,5,2,3,120.0,120.0,,,,,,,,,762,442450728,"E{1}xA{3}yA{3}zA{3}u:(x,1)(y,2)(z,3)(u,4)Fgoal",C:\Users\utente\Downloads\VITAMIN-NatSL\benchmark_results\natsl_scalability\models\bounded_opponent_S10_P5_4_agents.txt,timeout
2026-09-02T14:41:08.937915+00:00,20260902T135103Z,timeout,space,S10-P5,4,3,4,10,5,2,1,120.0,120.0,,,,,,,,,12602,2001328711208,"E{1}xA{4}yA{4}zA{4}u:(x,1)(y,2)(z,3)(u,4)Fgoal",C:\Users\utente\Downloads\VITAMIN-NatSL\benchmark_results\natsl_scalability\models\bounded_opponent_S10_P5_4_agents.txt,timeout
2026-09-02T14:43:08.978289+00:00,20260902T135103Z,timeout,space,S10-P5,4,3,4,10,5,2,2,120.0,120.0,,,,,,,,,12602,2001328711208,"E{1}xA{4}yA{4}zA{4}u:(x,1)(y,2)(z,3)(u,4)Fgoal",C:\Users\utente\Downloads\VITAMIN-NatSL\benchmark_results\natsl_scalability\models\bounded_opponent_S10_P5_4_agents.txt,timeout
2026-09-02T14:45:08.989020+00:00,20260902T135103Z,timeout,space,S10-P5,4,3,4,10,5,2,3,120.0,120.0,,,,,,,,,12602,2001328711208,"E{1}xA{4}yA{4}zA{4}u:(x,1)(y,2)(z,3)(u,4)Fgoal",C:\Users\utente\Downloads\VITAMIN-NatSL\benchmark_results\natsl_scalability\models\bounded_opponent_S10_P5_4_agents.txt,timeout
2026-09-02T14:47:09.004287+00:00,20260902T135103Z,completed,space,S10-P5,5,4,1,10,5,2,1,120.0,0.05921129998750985,0.0625,33.76953125,True,1,16,1,0,16,2,16,"E{1}xA{1}yA{1}zA{1}uA{1}v:(x,1)(y,2)(z,3)(u,4)(v,5)Fgoal",C:\Users\utente\Downloads\VITAMIN-NatSL\benchmark_results\natsl_scalability\models\bounded_opponent_S10_P5_5_agents.txt,
2026-09-02T14:47:09.343057+00:00,20260902T135103Z,completed,space,S10-P5,5,4,1,10,5,2,2,120.0,0.05587989999912679,0.0625,33.5703125,True,1,16,1,0,16,2,16,"E{1}xA{1}yA{1}zA{1}uA{1}v:(x,1)(y,2)(z,3)(u,4)(v,5)Fgoal",C:\Users\utente\Downloads\VITAMIN-NatSL\benchmark_results\natsl_scalability\models\bounded_opponent_S10_P5_5_agents.txt,
2026-09-02T14:47:09.643972+00:00,20260902T135103Z,completed,space,S10-P5,5,4,1,10,5,2,3,120.0,0.06044330005533993,0.03125,33.79296875,True,1,16,1,0,16,2,16,"E{1}xA{1}yA{1}zA{1}uA{1}v:(x,1)(y,2)(z,3)(u,4)(v,5)Fgoal",C:\Users\utente\Downloads\VITAMIN-NatSL\benchmark_results\natsl_scalability\models\bounded_opponent_S10_P5_5_agents.txt,
2026-09-02T14:47:09.957270+00:00,20260902T135103Z,timeout,space,S10-P5,5,4,2,10,5,2,1,120.0,120.0,,,,,,,,,42,3111696,"E{1}xA{2}yA{2}zA{2}uA{2}v:(x,1)(y,2)(z,3)(u,4)(v,5)Fgoal",C:\Users\utente\Downloads\VITAMIN-NatSL\benchmark_results\natsl_scalability\models\bounded_opponent_S10_P5_5_agents.txt,timeout
2026-09-02T14:49:09.995199+00:00,20260902T135103Z,timeout,space,S10-P5,5,4,2,10,5,2,2,120.0,120.0,,,,,,,,,42,3111696,"E{1}xA{2}yA{2}zA{2}uA{2}v:(x,1)(y,2)(z,3)(u,4)(v,5)Fgoal",C:\Users\utente\Downloads\VITAMIN-NatSL\benchmark_results\natsl_scalability\models\bounded_opponent_S10_P5_5_agents.txt,timeout
2026-09-02T14:51:10.026256+00:00,20260902T135103Z,timeout,space,S10-P5,5,4,2,10,5,2,3,120.0,120.0,,,,,,,,,42,3111696,"E{1}xA{2}yA{2}zA{2}uA{2}v:(x,1)(y,2)(z,3)(u,4)(v,5)Fgoal",C:\Users\utente\Downloads\VITAMIN-NatSL\benchmark_results\natsl_scalability\models\bounded_opponent_S10_P5_5_agents.txt,timeout
2026-09-02T14:53:10.057050+00:00,20260902T135103Z,timeout,space,S10-P5,5,4,3,10,5,2,1,120.0,120.0,,,,,,,,,762,337147454736,"E{1}xA{3}yA{3}zA{3}uA{3}v:(x,1)(y,2)(z,3)(u,4)(v,5)Fgoal",C:\Users\utente\Downloads\VITAMIN-NatSL\benchmark_results\natsl_scalability\models\bounded_opponent_S10_P5_5_agents.txt,timeout
2026-09-02T14:55:10.094257+00:00,20260902T135103Z,timeout,space,S10-P5,5,4,3,10,5,2,2,120.0,120.0,,,,,,,,,762,337147454736,"E{1}xA{3}yA{3}zA{3}uA{3}v:(x,1)(y,2)(z,3)(u,4)(v,5)Fgoal",C:\Users\utente\Downloads\VITAMIN-NatSL\benchmark_results\natsl_scalability\models\bounded_opponent_S10_P5_5_agents.txt,timeout
2026-09-02T14:57:10.101361+00:00,20260902T135103Z,timeout,space,S10-P5,5,4,3,10,5,2,3,120.0,120.0,,,,,,,,,762,337147454736,"E{1}xA{3}yA{3}zA{3}uA{3}v:(x,1)(y,2)(z,3)(u,4)(v,5)Fgoal",C:\Users\utente\Downloads\VITAMIN-NatSL\benchmark_results\natsl_scalability\models\bounded_opponent_S10_P5_5_agents.txt,timeout
2026-09-02T14:59:10.104518+00:00,20260902T135103Z,timeout,space,S10-P5,5,4,4,10,5,2,1,120.0,120.0,,,,,,,,,12602,25220744418643216,"E{1}xA{4}yA{4}zA{4}uA{4}v:(x,1)(y,2)(z,3)(u,4)(v,5)Fgoal",C:\Users\utente\Downloads\VITAMIN-NatSL\benchmark_results\natsl_scalability\models\bounded_opponent_S10_P5_5_agents.txt,timeout
2026-09-02T15:01:10.138031+00:00,20260902T135103Z,timeout,space,S10-P5,5,4,4,10,5,2,2,120.0,120.0,,,,,,,,,12602,25220744418643216,"E{1}xA{4}yA{4}zA{4}uA{4}v:(x,1)(y,2)(z,3)(u,4)(v,5)Fgoal",C:\Users\utente\Downloads\VITAMIN-NatSL\benchmark_results\natsl_scalability\models\bounded_opponent_S10_P5_5_agents.txt,timeout
2026-09-02T15:03:10.160279+00:00,20260902T135103Z,timeout,space,S10-P5,5,4,4,10,5,2,3,120.0,120.0,,,,,,,,,12602,25220744418643216,"E{1}xA{4}yA{4}zA{4}uA{4}v:(x,1)(y,2)(z,3)(u,4)(v,5)Fgoal",C:\Users\utente\Downloads\VITAMIN-NatSL\benchmark_results\natsl_scalability\models\bounded_opponent_S10_P5_5_agents.txt,timeout
2026-09-02T15:05:10.163512+00:00,20260902T135103Z,completed,space,S14-P7,2,1,1,14,7,2,1,120.0,0.014531699940562248,0.015625,33.7109375,True,1,2,1,0,2,2,2,"E{1}xA{1}y:(x,1)(y,2)Fgoal",C:\Users\utente\Downloads\VITAMIN-NatSL\benchmark_results\natsl_scalability\models\bounded_opponent_S14_P7_2_agents.txt,
2026-09-02T15:05:10.475330+00:00,20260902T135103Z,completed,space,S14-P7,2,1,1,14,7,2,2,120.0,0.021167099941521883,0.015625,33.80859375,True,1,2,1,0,2,2,2,"E{1}xA{1}y:(x,1)(y,2)Fgoal",C:\Users\utente\Downloads\VITAMIN-NatSL\benchmark_results\natsl_scalability\models\bounded_opponent_S14_P7_2_agents.txt,
2026-09-02T15:05:10.777497+00:00,20260902T135103Z,completed,space,S14-P7,2,1,1,14,7,2,3,120.0,0.013391099986620247,0.015625,33.90625,True,1,2,1,0,2,2,2,"E{1}xA{1}y:(x,1)(y,2)Fgoal",C:\Users\utente\Downloads\VITAMIN-NatSL\benchmark_results\natsl_scalability\models\bounded_opponent_S14_P7_2_agents.txt,
2026-09-02T15:05:11.053516+00:00,20260902T135103Z,completed,space,S14-P7,2,1,2,14,7,2,1,120.0,0.10428810003213584,0.109375,33.7421875,False,1,25,1,0,25,58,58,"E{1}xA{2}y:(x,1)(y,2)Fgoal",C:\Users\utente\Downloads\VITAMIN-NatSL\benchmark_results\natsl_scalability\models\bounded_opponent_S14_P7_2_agents.txt,
2026-09-02T15:05:11.440485+00:00,20260902T135103Z,completed,space,S14-P7,2,1,2,14,7,2,2,120.0,0.1015006999950856,0.09375,33.6875,False,1,25,1,0,25,58,58,"E{1}xA{2}y:(x,1)(y,2)Fgoal",C:\Users\utente\Downloads\VITAMIN-NatSL\benchmark_results\natsl_scalability\models\bounded_opponent_S14_P7_2_agents.txt,
2026-09-02T15:05:11.765883+00:00,20260902T135103Z,completed,space,S14-P7,2,1,2,14,7,2,3,120.0,0.10767290007788688,0.09375,33.89453125,False,1,25,1,0,25,58,58,"E{1}xA{2}y:(x,1)(y,2)Fgoal",C:\Users\utente\Downloads\VITAMIN-NatSL\benchmark_results\natsl_scalability\models\bounded_opponent_S14_P7_2_agents.txt,
2026-09-02T15:05:12.127732+00:00,20260902T135103Z,completed,space,S14-P7,2,1,3,14,7,2,1,120.0,0.11390939995180815,0.109375,33.73828125,False,1,23,1,0,23,1514,1514,"E{1}xA{3}y:(x,1)(y,2)Fgoal",C:\Users\utente\Downloads\VITAMIN-NatSL\benchmark_results\natsl_scalability\models\bounded_opponent_S14_P7_2_agents.txt,
2026-09-02T15:05:12.513890+00:00,20260902T135103Z,completed,space,S14-P7,2,1,3,14,7,2,2,120.0,0.11798520002048463,0.109375,33.7734375,False,1,23,1,0,23,1514,1514,"E{1}xA{3}y:(x,1)(y,2)Fgoal",C:\Users\utente\Downloads\VITAMIN-NatSL\benchmark_results\natsl_scalability\models\bounded_opponent_S14_P7_2_agents.txt,
2026-09-02T15:05:12.894219+00:00,20260902T135103Z,completed,space,S14-P7,2,1,3,14,7,2,3,120.0,0.10995799989905208,0.109375,33.75390625,False,1,23,1,0,23,1514,1514,"E{1}xA{3}y:(x,1)(y,2)Fgoal",C:\Users\utente\Downloads\VITAMIN-NatSL\benchmark_results\natsl_scalability\models\bounded_opponent_S14_P7_2_agents.txt,
2026-09-02T15:05:13.228279+00:00,20260902T135103Z,completed,space,S14-P7,2,1,4,14,7,2,1,120.0,0.1206990999635309,0.109375,33.8828125,False,1,21,1,0,21,37130,37130,"E{1}xA{4}y:(x,1)(y,2)Fgoal",C:\Users\utente\Downloads\VITAMIN-NatSL\benchmark_results\natsl_scalability\models\bounded_opponent_S14_P7_2_agents.txt,
2026-09-02T15:05:13.607815+00:00,20260902T135103Z,completed,space,S14-P7,2,1,4,14,7,2,2,120.0,0.1263948999112472,0.125,33.8125,False,1,21,1,0,21,37130,37130,"E{1}xA{4}y:(x,1)(y,2)Fgoal",C:\Users\utente\Downloads\VITAMIN-NatSL\benchmark_results\natsl_scalability\models\bounded_opponent_S14_P7_2_agents.txt,
2026-09-02T15:05:14.017592+00:00,20260902T135103Z,completed,space,S14-P7,2,1,4,14,7,2,3,120.0,0.14092489995528013,0.140625,33.703125,False,1,21,1,0,21,37130,37130,"E{1}xA{4}y:(x,1)(y,2)Fgoal",C:\Users\utente\Downloads\VITAMIN-NatSL\benchmark_results\natsl_scalability\models\bounded_opponent_S14_P7_2_agents.txt,
2026-09-02T15:05:14.470879+00:00,20260902T135103Z,completed,space,S14-P7,3,2,1,14,7,2,1,120.0,0.028604599996469915,0.03125,33.5859375,True,1,4,1,0,4,2,4,"E{1}xA{1}yA{1}z:(x,1)(y,2)(z,3)Fgoal",C:\Users\utente\Downloads\VITAMIN-NatSL\benchmark_results\natsl_scalability\models\bounded_opponent_S14_P7_3_agents.txt,
2026-09-02T15:05:14.810124+00:00,20260902T135103Z,completed,space,S14-P7,3,2,1,14,7,2,2,120.0,0.021774900029413402,0.015625,33.8125,True,1,4,1,0,4,2,4,"E{1}xA{1}yA{1}z:(x,1)(y,2)(z,3)Fgoal",C:\Users\utente\Downloads\VITAMIN-NatSL\benchmark_results\natsl_scalability\models\bounded_opponent_S14_P7_3_agents.txt,
2026-09-02T15:05:15.092978+00:00,20260902T135103Z,completed,space,S14-P7,3,2,1,14,7,2,3,120.0,0.04680829995777458,0.046875,33.7734375,True,1,4,1,0,4,2,4,"E{1}xA{1}yA{1}z:(x,1)(y,2)(z,3)Fgoal",C:\Users\utente\Downloads\VITAMIN-NatSL\benchmark_results\natsl_scalability\models\bounded_opponent_S14_P7_3_agents.txt,
2026-09-02T15:05:15.705976+00:00,20260902T135103Z,completed,space,S14-P7,3,2,2,14,7,2,1,120.0,4.110065400018357,3.515625,33.80078125,False,1,721,1,0,721,58,3364,"E{1}xA{2}yA{2}z:(x,1)(y,2)(z,3)Fgoal",C:\Users\utente\Downloads\VITAMIN-NatSL\benchmark_results\natsl_scalability\models\bounded_opponent_S14_P7_3_agents.txt,
2026-09-02T15:05:20.300640+00:00,20260902T135103Z,completed,space,S14-P7,3,2,2,14,7,2,2,120.0,3.9638911000220105,3.671875,33.7578125,False,1,721,1,0,721,58,3364,"E{1}xA{2}yA{2}z:(x,1)(y,2)(z,3)Fgoal",C:\Users\utente\Downloads\VITAMIN-NatSL\benchmark_results\natsl_scalability\models\bounded_opponent_S14_P7_3_agents.txt,
2026-09-02T15:05:24.576316+00:00,20260902T135103Z,completed,space,S14-P7,3,2,2,14,7,2,3,120.0,4.283390700002201,3.78125,33.8984375,False,1,721,1,0,721,58,3364,"E{1}xA{2}yA{2}z:(x,1)(y,2)(z,3)Fgoal",C:\Users\utente\Downloads\VITAMIN-NatSL\benchmark_results\natsl_scalability\models\bounded_opponent_S14_P7_3_agents.txt,
2026-09-02T15:05:29.174840+00:00,20260902T135103Z,completed,space,S14-P7,3,2,3,14,7,2,1,120.0,113.93099189992063,108.265625,35.51953125,False,1,8669,1,0,8669,1514,2292196,"E{1}xA{3}yA{3}z:(x,1)(y,2)(z,3)Fgoal",C:\Users\utente\Downloads\VITAMIN-NatSL\benchmark_results\natsl_scalability\models\bounded_opponent_S14_P7_3_agents.txt,
2026-09-02T15:07:23.424428+00:00,20260902T135103Z,completed,space,S14-P7,3,2,3,14,7,2,2,120.0,116.31478929996956,109.390625,35.50390625,False,1,8669,1,0,8669,1514,2292196,"E{1}xA{3}yA{3}z:(x,1)(y,2)(z,3)Fgoal",C:\Users\utente\Downloads\VITAMIN-NatSL\benchmark_results\natsl_scalability\models\bounded_opponent_S14_P7_3_agents.txt,
2026-09-02T15:09:20.064732+00:00,20260902T135103Z,completed,space,S14-P7,3,2,3,14,7,2,3,120.0,117.37360270007048,111.4375,35.5390625,False,1,8669,1,0,8669,1514,2292196,"E{1}xA{3}yA{3}z:(x,1)(y,2)(z,3)Fgoal",C:\Users\utente\Downloads\VITAMIN-NatSL\benchmark_results\natsl_scalability\models\bounded_opponent_S14_P7_3_agents.txt,
2026-09-02T15:11:17.765874+00:00,20260902T135103Z,timeout,space,S14-P7,3,2,4,14,7,2,1,120.0,120.0,,,,,,,,,37130,1378636900,"E{1}xA{4}yA{4}z:(x,1)(y,2)(z,3)Fgoal",C:\Users\utente\Downloads\VITAMIN-NatSL\benchmark_results\natsl_scalability\models\bounded_opponent_S14_P7_3_agents.txt,timeout
2026-09-02T15:13:17.796205+00:00,20260902T135103Z,timeout,space,S14-P7,3,2,4,14,7,2,2,120.0,120.0,,,,,,,,,37130,1378636900,"E{1}xA{4}yA{4}z:(x,1)(y,2)(z,3)Fgoal",C:\Users\utente\Downloads\VITAMIN-NatSL\benchmark_results\natsl_scalability\models\bounded_opponent_S14_P7_3_agents.txt,timeout
2026-09-02T15:15:17.813718+00:00,20260902T135103Z,timeout,space,S14-P7,3,2,4,14,7,2,3,120.0,120.0,,,,,,,,,37130,1378636900,"E{1}xA{4}yA{4}z:(x,1)(y,2)(z,3)Fgoal",C:\Users\utente\Downloads\VITAMIN-NatSL\benchmark_results\natsl_scalability\models\bounded_opponent_S14_P7_3_agents.txt,timeout
2026-09-02T15:17:17.834984+00:00,20260902T135103Z,completed,space,S14-P7,4,3,1,14,7,2,1,120.0,0.03676040004938841,0.03125,33.9765625,True,1,8,1,0,8,2,8,"E{1}xA{1}yA{1}zA{1}u:(x,1)(y,2)(z,3)(u,4)Fgoal",C:\Users\utente\Downloads\VITAMIN-NatSL\benchmark_results\natsl_scalability\models\bounded_opponent_S14_P7_4_agents.txt,
2026-09-02T15:17:18.154056+00:00,20260902T135103Z,completed,space,S14-P7,4,3,1,14,7,2,2,120.0,0.0380072999978438,0.03125,33.71484375,True,1,8,1,0,8,2,8,"E{1}xA{1}yA{1}zA{1}u:(x,1)(y,2)(z,3)(u,4)Fgoal",C:\Users\utente\Downloads\VITAMIN-NatSL\benchmark_results\natsl_scalability\models\bounded_opponent_S14_P7_4_agents.txt,
2026-09-02T15:17:18.471781+00:00,20260902T135103Z,completed,space,S14-P7,4,3,1,14,7,2,3,120.0,0.04252170003019273,0.046875,33.74609375,True,1,8,1,0,8,2,8,"E{1}xA{1}yA{1}zA{1}u:(x,1)(y,2)(z,3)(u,4)Fgoal",C:\Users\utente\Downloads\VITAMIN-NatSL\benchmark_results\natsl_scalability\models\bounded_opponent_S14_P7_4_agents.txt,
2026-09-02T15:17:18.816381+00:00,20260902T135103Z,timeout,space,S14-P7,4,3,2,14,7,2,1,120.0,120.0,,,,,,,,,58,195112,"E{1}xA{2}yA{2}zA{2}u:(x,1)(y,2)(z,3)(u,4)Fgoal",C:\Users\utente\Downloads\VITAMIN-NatSL\benchmark_results\natsl_scalability\models\bounded_opponent_S14_P7_4_agents.txt,timeout
2026-09-02T15:19:18.860604+00:00,20260902T135103Z,timeout,space,S14-P7,4,3,2,14,7,2,2,120.0,120.0,,,,,,,,,58,195112,"E{1}xA{2}yA{2}zA{2}u:(x,1)(y,2)(z,3)(u,4)Fgoal",C:\Users\utente\Downloads\VITAMIN-NatSL\benchmark_results\natsl_scalability\models\bounded_opponent_S14_P7_4_agents.txt,timeout
2026-09-02T15:21:18.880716+00:00,20260902T135103Z,timeout,space,S14-P7,4,3,2,14,7,2,3,120.0,120.0,,,,,,,,,58,195112,"E{1}xA{2}yA{2}zA{2}u:(x,1)(y,2)(z,3)(u,4)Fgoal",C:\Users\utente\Downloads\VITAMIN-NatSL\benchmark_results\natsl_scalability\models\bounded_opponent_S14_P7_4_agents.txt,timeout
2026-09-02T15:23:18.912137+00:00,20260902T135103Z,timeout,space,S14-P7,4,3,3,14,7,2,1,120.0,120.0,,,,,,,,,1514,3470384744,"E{1}xA{3}yA{3}zA{3}u:(x,1)(y,2)(z,3)(u,4)Fgoal",C:\Users\utente\Downloads\VITAMIN-NatSL\benchmark_results\natsl_scalability\models\bounded_opponent_S14_P7_4_agents.txt,timeout
2026-09-02T15:25:18.949728+00:00,20260902T135103Z,timeout,space,S14-P7,4,3,3,14,7,2,2,120.0,120.0,,,,,,,,,1514,3470384744,"E{1}xA{3}yA{3}zA{3}u:(x,1)(y,2)(z,3)(u,4)Fgoal",C:\Users\utente\Downloads\VITAMIN-NatSL\benchmark_results\natsl_scalability\models\bounded_opponent_S14_P7_4_agents.txt,timeout
2026-09-02T15:27:18.974406+00:00,20260902T135103Z,timeout,space,S14-P7,4,3,3,14,7,2,3,120.0,120.0,,,,,,,,,1514,3470384744,"E{1}xA{3}yA{3}zA{3}u:(x,1)(y,2)(z,3)(u,4)Fgoal",C:\Users\utente\Downloads\VITAMIN-NatSL\benchmark_results\natsl_scalability\models\bounded_opponent_S14_P7_4_agents.txt,timeout
2026-09-02T15:29:18.991070+00:00,20260902T135103Z,timeout,space,S14-P7,4,3,4,14,7,2,1,120.0,120.0,,,,,,,,,37130,51188788097000,"E{1}xA{4}yA{4}zA{4}u:(x,1)(y,2)(z,3)(u,4)Fgoal",C:\Users\utente\Downloads\VITAMIN-NatSL\benchmark_results\natsl_scalability\models\bounded_opponent_S14_P7_4_agents.txt,timeout
2026-09-02T15:31:19.020263+00:00,20260902T135103Z,timeout,space,S14-P7,4,3,4,14,7,2,2,120.0,120.0,,,,,,,,,37130,51188788097000,"E{1}xA{4}yA{4}zA{4}u:(x,1)(y,2)(z,3)(u,4)Fgoal",C:\Users\utente\Downloads\VITAMIN-NatSL\benchmark_results\natsl_scalability\models\bounded_opponent_S14_P7_4_agents.txt,timeout
2026-09-02T15:33:19.027206+00:00,20260902T135103Z,timeout,space,S14-P7,4,3,4,14,7,2,3,120.0,120.0,,,,,,,,,37130,51188788097000,"E{1}xA{4}yA{4}zA{4}u:(x,1)(y,2)(z,3)(u,4)Fgoal",C:\Users\utente\Downloads\VITAMIN-NatSL\benchmark_results\natsl_scalability\models\bounded_opponent_S14_P7_4_agents.txt,timeout
2026-09-02T15:35:19.055277+00:00,20260902T135103Z,completed,space,S14-P7,5,4,1,14,7,2,1,120.0,0.07674559997394681,0.078125,33.8515625,True,1,16,1,0,16,2,16,"E{1}xA{1}yA{1}zA{1}uA{1}v:(x,1)(y,2)(z,3)(u,4)(v,5)Fgoal",C:\Users\utente\Downloads\VITAMIN-NatSL\benchmark_results\natsl_scalability\models\bounded_opponent_S14_P7_5_agents.txt,
2026-09-02T15:35:19.412781+00:00,20260902T135103Z,completed,space,S14-P7,5,4,1,14,7,2,2,120.0,0.07232500007376075,0.0625,33.6953125,True,1,16,1,0,16,2,16,"E{1}xA{1}yA{1}zA{1}uA{1}v:(x,1)(y,2)(z,3)(u,4)(v,5)Fgoal",C:\Users\utente\Downloads\VITAMIN-NatSL\benchmark_results\natsl_scalability\models\bounded_opponent_S14_P7_5_agents.txt,
2026-09-02T15:35:19.749083+00:00,20260902T135103Z,completed,space,S14-P7,5,4,1,14,7,2,3,120.0,0.07082969998009503,0.0625,33.8203125,True,1,16,1,0,16,2,16,"E{1}xA{1}yA{1}zA{1}uA{1}v:(x,1)(y,2)(z,3)(u,4)(v,5)Fgoal",C:\Users\utente\Downloads\VITAMIN-NatSL\benchmark_results\natsl_scalability\models\bounded_opponent_S14_P7_5_agents.txt,
2026-09-02T15:35:20.087024+00:00,20260902T135103Z,timeout,space,S14-P7,5,4,2,14,7,2,1,120.0,120.0,,,,,,,,,58,11316496,"E{1}xA{2}yA{2}zA{2}uA{2}v:(x,1)(y,2)(z,3)(u,4)(v,5)Fgoal",C:\Users\utente\Downloads\VITAMIN-NatSL\benchmark_results\natsl_scalability\models\bounded_opponent_S14_P7_5_agents.txt,timeout
2026-09-02T15:37:20.117485+00:00,20260902T135103Z,timeout,space,S14-P7,5,4,2,14,7,2,2,120.0,120.0,,,,,,,,,58,11316496,"E{1}xA{2}yA{2}zA{2}uA{2}v:(x,1)(y,2)(z,3)(u,4)(v,5)Fgoal",C:\Users\utente\Downloads\VITAMIN-NatSL\benchmark_results\natsl_scalability\models\bounded_opponent_S14_P7_5_agents.txt,timeout
2026-09-02T15:39:20.148656+00:00,20260902T135103Z,timeout,space,S14-P7,5,4,2,14,7,2,3,120.0,120.0,,,,,,,,,58,11316496,"E{1}xA{2}yA{2}zA{2}uA{2}v:(x,1)(y,2)(z,3)(u,4)(v,5)Fgoal",C:\Users\utente\Downloads\VITAMIN-NatSL\benchmark_results\natsl_scalability\models\bounded_opponent_S14_P7_5_agents.txt,timeout
2026-09-02T15:41:20.167698+00:00,20260902T135103Z,timeout,space,S14-P7,5,4,3,14,7,2,1,120.0,120.0,,,,,,,,,1514,5254162502416,"E{1}xA{3}yA{3}zA{3}uA{3}v:(x,1)(y,2)(z,3)(u,4)(v,5)Fgoal",C:\Users\utente\Downloads\VITAMIN-NatSL\benchmark_results\natsl_scalability\models\bounded_opponent_S14_P7_5_agents.txt,timeout
2026-09-02T15:43:20.197389+00:00,20260902T135103Z,timeout,space,S14-P7,5,4,3,14,7,2,2,120.0,120.0,,,,,,,,,1514,5254162502416,"E{1}xA{3}yA{3}zA{3}uA{3}v:(x,1)(y,2)(z,3)(u,4)(v,5)Fgoal",C:\Users\utente\Downloads\VITAMIN-NatSL\benchmark_results\natsl_scalability\models\bounded_opponent_S14_P7_5_agents.txt,timeout
2026-09-02T15:45:20.233715+00:00,20260902T135103Z,timeout,space,S14-P7,5,4,3,14,7,2,3,120.0,120.0,,,,,,,,,1514,5254162502416,"E{1}xA{3}yA{3}zA{3}uA{3}v:(x,1)(y,2)(z,3)(u,4)(v,5)Fgoal",C:\Users\utente\Downloads\VITAMIN-NatSL\benchmark_results\natsl_scalability\models\bounded_opponent_S14_P7_5_agents.txt,timeout
2026-09-02T15:47:20.258243+00:00,20260902T135103Z,timeout,space,S14-P7,5,4,4,14,7,2,1,120.0,120.0,,,,,,,,,37130,1900639702041610000,"E{1}xA{4}yA{4}zA{4}uA{4}v:(x,1)(y,2)(z,3)(u,4)(v,5)Fgoal",C:\Users\utente\Downloads\VITAMIN-NatSL\benchmark_results\natsl_scalability\models\bounded_opponent_S14_P7_5_agents.txt,timeout
2026-09-02T15:49:20.289919+00:00,20260902T135103Z,timeout,space,S14-P7,5,4,4,14,7,2,2,120.0,120.0,,,,,,,,,37130,1900639702041610000,"E{1}xA{4}yA{4}zA{4}uA{4}v:(x,1)(y,2)(z,3)(u,4)(v,5)Fgoal",C:\Users\utente\Downloads\VITAMIN-NatSL\benchmark_results\natsl_scalability\models\bounded_opponent_S14_P7_5_agents.txt,timeout
2026-09-02T15:51:20.306700+00:00,20260902T135103Z,timeout,space,S14-P7,5,4,4,14,7,2,3,120.0,120.0,,,,,,,,,37130,1900639702041610000,"E{1}xA{4}yA{4}zA{4}uA{4}v:(x,1)(y,2)(z,3)(u,4)(v,5)Fgoal",C:\Users\utente\Downloads\VITAMIN-NatSL\benchmark_results\natsl_scalability\models\bounded_opponent_S14_P7_5_agents.txt,timeout
2026-09-02T15:53:20.320846+00:00,20260902T135103Z,completed,space,S18-P9,2,1,1,18,9,2,1,120.0,0.015922300051897764,0.015625,33.73828125,True,1,2,1,0,2,2,2,"E{1}xA{1}y:(x,1)(y,2)Fgoal",C:\Users\utente\Downloads\VITAMIN-NatSL\benchmark_results\natsl_scalability\models\bounded_opponent_S18_P9_2_agents.txt,
2026-09-02T15:53:20.618652+00:00,20260902T135103Z,completed,space,S18-P9,2,1,1,18,9,2,2,120.0,0.015643200022168458,0.015625,33.78515625,True,1,2,1,0,2,2,2,"E{1}xA{1}y:(x,1)(y,2)Fgoal",C:\Users\utente\Downloads\VITAMIN-NatSL\benchmark_results\natsl_scalability\models\bounded_opponent_S18_P9_2_agents.txt,
2026-09-02T15:53:20.904221+00:00,20260902T135103Z,completed,space,S18-P9,2,1,1,18,9,2,3,120.0,0.014341400004923344,0.015625,33.93359375,True,1,2,1,0,2,2,2,"E{1}xA{1}y:(x,1)(y,2)Fgoal",C:\Users\utente\Downloads\VITAMIN-NatSL\benchmark_results\natsl_scalability\models\bounded_opponent_S18_P9_2_agents.txt,
2026-09-02T15:53:21.168954+00:00,20260902T135103Z,completed,space,S18-P9,2,1,2,18,9,2,1,120.0,0.1789537000004202,0.171875,33.75,False,1,33,1,0,33,74,74,"E{1}xA{2}y:(x,1)(y,2)Fgoal",C:\Users\utente\Downloads\VITAMIN-NatSL\benchmark_results\natsl_scalability\models\bounded_opponent_S18_P9_2_agents.txt,
2026-09-02T15:53:21.634007+00:00,20260902T135103Z,completed,space,S18-P9,2,1,2,18,9,2,2,120.0,0.17355269996915013,0.109375,33.8671875,False,1,33,1,0,33,74,74,"E{1}xA{2}y:(x,1)(y,2)Fgoal",C:\Users\utente\Downloads\VITAMIN-NatSL\benchmark_results\natsl_scalability\models\bounded_opponent_S18_P9_2_agents.txt,
2026-09-02T15:53:22.109184+00:00,20260902T135103Z,completed,space,S18-P9,2,1,2,18,9,2,3,120.0,0.1576021999353543,0.109375,33.8515625,False,1,33,1,0,33,74,74,"E{1}xA{2}y:(x,1)(y,2)Fgoal",C:\Users\utente\Downloads\VITAMIN-NatSL\benchmark_results\natsl_scalability\models\bounded_opponent_S18_P9_2_agents.txt,
2026-09-02T15:53:22.542512+00:00,20260902T135103Z,completed,space,S18-P9,2,1,3,18,9,2,1,120.0,0.1620645000366494,0.15625,33.875,False,1,31,1,0,31,2522,2522,"E{1}xA{3}y:(x,1)(y,2)Fgoal",C:\Users\utente\Downloads\VITAMIN-NatSL\benchmark_results\natsl_scalability\models\bounded_opponent_S18_P9_2_agents.txt,
2026-09-02T15:53:23.012216+00:00,20260902T135103Z,completed,space,S18-P9,2,1,3,18,9,2,2,120.0,0.15461359999608248,0.15625,33.8828125,False,1,31,1,0,31,2522,2522,"E{1}xA{3}y:(x,1)(y,2)Fgoal",C:\Users\utente\Downloads\VITAMIN-NatSL\benchmark_results\natsl_scalability\models\bounded_opponent_S18_P9_2_agents.txt,
2026-09-02T15:53:23.406330+00:00,20260902T135103Z,completed,space,S18-P9,2,1,3,18,9,2,3,120.0,0.17610610008705407,0.15625,34.01171875,False,1,31,1,0,31,2522,2522,"E{1}xA{3}y:(x,1)(y,2)Fgoal",C:\Users\utente\Downloads\VITAMIN-NatSL\benchmark_results\natsl_scalability\models\bounded_opponent_S18_P9_2_agents.txt,
2026-09-02T15:53:23.854536+00:00,20260902T135103Z,completed,space,S18-P9,2,1,4,18,9,2,1,120.0,0.1695359000004828,0.171875,33.765625,False,1,29,1,0,29,82010,82010,"E{1}xA{4}y:(x,1)(y,2)Fgoal",C:\Users\utente\Downloads\VITAMIN-NatSL\benchmark_results\natsl_scalability\models\bounded_opponent_S18_P9_2_agents.txt,
2026-09-02T15:53:24.303460+00:00,20260902T135103Z,completed,space,S18-P9,2,1,4,18,9,2,2,120.0,0.1756176999770105,0.171875,33.82421875,False,1,29,1,0,29,82010,82010,"E{1}xA{4}y:(x,1)(y,2)Fgoal",C:\Users\utente\Downloads\VITAMIN-NatSL\benchmark_results\natsl_scalability\models\bounded_opponent_S18_P9_2_agents.txt,
2026-09-02T15:53:24.729457+00:00,20260902T135103Z,completed,space,S18-P9,2,1,4,18,9,2,3,120.0,0.2423228999832645,0.203125,33.875,False,1,29,1,0,29,82010,82010,"E{1}xA{4}y:(x,1)(y,2)Fgoal",C:\Users\utente\Downloads\VITAMIN-NatSL\benchmark_results\natsl_scalability\models\bounded_opponent_S18_P9_2_agents.txt,
2026-09-02T15:53:25.292461+00:00,20260902T135103Z,completed,space,S18-P9,3,2,1,18,9,2,1,120.0,0.025358300074003637,0.015625,33.6328125,True,1,4,1,0,4,2,4,"E{1}xA{1}yA{1}z:(x,1)(y,2)(z,3)Fgoal",C:\Users\utente\Downloads\VITAMIN-NatSL\benchmark_results\natsl_scalability\models\bounded_opponent_S18_P9_3_agents.txt,
2026-09-02T15:53:25.607602+00:00,20260902T135103Z,completed,space,S18-P9,3,2,1,18,9,2,2,120.0,0.022075599990785122,0.015625,33.51171875,True,1,4,1,0,4,2,4,"E{1}xA{1}yA{1}z:(x,1)(y,2)(z,3)Fgoal",C:\Users\utente\Downloads\VITAMIN-NatSL\benchmark_results\natsl_scalability\models\bounded_opponent_S18_P9_3_agents.txt,
2026-09-02T15:53:25.862446+00:00,20260902T135103Z,completed,space,S18-P9,3,2,1,18,9,2,3,120.0,0.023327299975790083,0.015625,33.87890625,True,1,4,1,0,4,2,4,"E{1}xA{1}yA{1}z:(x,1)(y,2)(z,3)Fgoal",C:\Users\utente\Downloads\VITAMIN-NatSL\benchmark_results\natsl_scalability\models\bounded_opponent_S18_P9_3_agents.txt,
2026-09-02T15:53:26.138922+00:00,20260902T135103Z,completed,space,S18-P9,3,2,2,18,9,2,1,120.0,13.863982500042766,12.640625,34.0234375,False,1,1217,1,0,1217,74,5476,"E{1}xA{2}yA{2}z:(x,1)(y,2)(z,3)Fgoal",C:\Users\utente\Downloads\VITAMIN-NatSL\benchmark_results\natsl_scalability\models\bounded_opponent_S18_P9_3_agents.txt,
2026-09-02T15:53:40.298792+00:00,20260902T135103Z,completed,space,S18-P9,3,2,2,18,9,2,2,120.0,13.756184399942867,12.546875,34.05859375,False,1,1217,1,0,1217,74,5476,"E{1}xA{2}yA{2}z:(x,1)(y,2)(z,3)Fgoal",C:\Users\utente\Downloads\VITAMIN-NatSL\benchmark_results\natsl_scalability\models\bounded_opponent_S18_P9_3_agents.txt,
2026-09-02T15:53:54.369606+00:00,20260902T135103Z,completed,space,S18-P9,3,2,2,18,9,2,3,120.0,13.402180699980818,12.421875,34.0546875,False,1,1217,1,0,1217,74,5476,"E{1}xA{2}yA{2}z:(x,1)(y,2)(z,3)Fgoal",C:\Users\utente\Downloads\VITAMIN-NatSL\benchmark_results\natsl_scalability\models\bounded_opponent_S18_P9_3_agents.txt,
2026-09-02T15:54:08.102935+00:00,20260902T135103Z,timeout,space,S18-P9,3,2,3,18,9,2,1,120.0,120.0,,,,,,,,,2522,6360484,"E{1}xA{3}yA{3}z:(x,1)(y,2)(z,3)Fgoal",C:\Users\utente\Downloads\VITAMIN-NatSL\benchmark_results\natsl_scalability\models\bounded_opponent_S18_P9_3_agents.txt,timeout
2026-09-02T15:56:08.152307+00:00,20260902T135103Z,timeout,space,S18-P9,3,2,3,18,9,2,2,120.0,120.0,,,,,,,,,2522,6360484,"E{1}xA{3}yA{3}z:(x,1)(y,2)(z,3)Fgoal",C:\Users\utente\Downloads\VITAMIN-NatSL\benchmark_results\natsl_scalability\models\bounded_opponent_S18_P9_3_agents.txt,timeout
2026-09-02T15:58:08.161466+00:00,20260902T135103Z,timeout,space,S18-P9,3,2,3,18,9,2,3,120.0,120.0,,,,,,,,,2522,6360484,"E{1}xA{3}yA{3}z:(x,1)(y,2)(z,3)Fgoal",C:\Users\utente\Downloads\VITAMIN-NatSL\benchmark_results\natsl_scalability\models\bounded_opponent_S18_P9_3_agents.txt,timeout
2026-09-02T16:00:08.188442+00:00,20260902T135103Z,timeout,space,S18-P9,3,2,4,18,9,2,1,120.0,120.0,,,,,,,,,82010,6725640100,"E{1}xA{4}yA{4}z:(x,1)(y,2)(z,3)Fgoal",C:\Users\utente\Downloads\VITAMIN-NatSL\benchmark_results\natsl_scalability\models\bounded_opponent_S18_P9_3_agents.txt,timeout
2026-09-02T16:02:08.228411+00:00,20260902T135103Z,timeout,space,S18-P9,3,2,4,18,9,2,2,120.0,120.0,,,,,,,,,82010,6725640100,"E{1}xA{4}yA{4}z:(x,1)(y,2)(z,3)Fgoal",C:\Users\utente\Downloads\VITAMIN-NatSL\benchmark_results\natsl_scalability\models\bounded_opponent_S18_P9_3_agents.txt,timeout
2026-09-02T16:04:08.248762+00:00,20260902T135103Z,timeout,space,S18-P9,3,2,4,18,9,2,3,120.0,120.0,,,,,,,,,82010,6725640100,"E{1}xA{4}yA{4}z:(x,1)(y,2)(z,3)Fgoal",C:\Users\utente\Downloads\VITAMIN-NatSL\benchmark_results\natsl_scalability\models\bounded_opponent_S18_P9_3_agents.txt,timeout
2026-09-02T16:06:08.268772+00:00,20260902T135103Z,completed,space,S18-P9,4,3,1,18,9,2,1,120.0,0.04164599999785423,0.03125,33.84765625,True,1,8,1,0,8,2,8,"E{1}xA{1}yA{1}zA{1}u:(x,1)(y,2)(z,3)(u,4)Fgoal",C:\Users\utente\Downloads\VITAMIN-NatSL\benchmark_results\natsl_scalability\models\bounded_opponent_S18_P9_4_agents.txt,
2026-09-02T16:06:08.573322+00:00,20260902T135103Z,completed,space,S18-P9,4,3,1,18,9,2,2,120.0,0.036925300024449825,0.046875,33.56640625,True,1,8,1,0,8,2,8,"E{1}xA{1}yA{1}zA{1}u:(x,1)(y,2)(z,3)(u,4)Fgoal",C:\Users\utente\Downloads\VITAMIN-NatSL\benchmark_results\natsl_scalability\models\bounded_opponent_S18_P9_4_agents.txt,
2026-09-02T16:06:08.844679+00:00,20260902T135103Z,completed,space,S18-P9,4,3,1,18,9,2,3,120.0,0.0368404999608174,0.03125,33.76171875,True,1,8,1,0,8,2,8,"E{1}xA{1}yA{1}zA{1}u:(x,1)(y,2)(z,3)(u,4)Fgoal",C:\Users\utente\Downloads\VITAMIN-NatSL\benchmark_results\natsl_scalability\models\bounded_opponent_S18_P9_4_agents.txt,
2026-09-02T16:06:09.123076+00:00,20260902T135103Z,timeout,space,S18-P9,4,3,2,18,9,2,1,120.0,120.0,,,,,,,,,74,405224,"E{1}xA{2}yA{2}zA{2}u:(x,1)(y,2)(z,3)(u,4)Fgoal",C:\Users\utente\Downloads\VITAMIN-NatSL\benchmark_results\natsl_scalability\models\bounded_opponent_S18_P9_4_agents.txt,timeout
2026-09-02T16:08:09.159035+00:00,20260902T135103Z,timeout,space,S18-P9,4,3,2,18,9,2,2,120.0,120.0,,,,,,,,,74,405224,"E{1}xA{2}yA{2}zA{2}u:(x,1)(y,2)(z,3)(u,4)Fgoal",C:\Users\utente\Downloads\VITAMIN-NatSL\benchmark_results\natsl_scalability\models\bounded_opponent_S18_P9_4_agents.txt,timeout
2026-09-02T16:10:09.188496+00:00,20260902T135103Z,timeout,space,S18-P9,4,3,2,18,9,2,3,120.0,120.0,,,,,,,,,74,405224,"E{1}xA{2}yA{2}zA{2}u:(x,1)(y,2)(z,3)(u,4)Fgoal",C:\Users\utente\Downloads\VITAMIN-NatSL\benchmark_results\natsl_scalability\models\bounded_opponent_S18_P9_4_agents.txt,timeout
2026-09-02T16:12:09.199641+00:00,20260902T135103Z,timeout,space,S18-P9,4,3,3,18,9,2,1,120.0,120.0,,,,,,,,,2522,16041140648,"E{1}xA{3}yA{3}zA{3}u:(x,1)(y,2)(z,3)(u,4)Fgoal",C:\Users\utente\Downloads\VITAMIN-NatSL\benchmark_results\natsl_scalability\models\bounded_opponent_S18_P9_4_agents.txt,timeout
2026-09-02T16:14:09.234954+00:00,20260902T135103Z,timeout,space,S18-P9,4,3,3,18,9,2,2,120.0,120.0,,,,,,,,,2522,16041140648,"E{1}xA{3}yA{3}zA{3}u:(x,1)(y,2)(z,3)(u,4)Fgoal",C:\Users\utente\Downloads\VITAMIN-NatSL\benchmark_results\natsl_scalability\models\bounded_opponent_S18_P9_4_agents.txt,timeout
2026-09-02T16:16:09.263392+00:00,20260902T135103Z,timeout,space,S18-P9,4,3,3,18,9,2,3,120.0,120.0,,,,,,,,,2522,16041140648,"E{1}xA{3}yA{3}zA{3}u:(x,1)(y,2)(z,3)(u,4)Fgoal",C:\Users\utente\Downloads\VITAMIN-NatSL\benchmark_results\natsl_scalability\models\bounded_opponent_S18_P9_4_agents.txt,timeout
2026-09-02T16:18:09.280243+00:00,20260902T135103Z,timeout,space,S18-P9,4,3,4,18,9,2,1,120.0,120.0,,,,,,,,,82010,551569744601000,"E{1}xA{4}yA{4}zA{4}u:(x,1)(y,2)(z,3)(u,4)Fgoal",C:\Users\utente\Downloads\VITAMIN-NatSL\benchmark_results\natsl_scalability\models\bounded_opponent_S18_P9_4_agents.txt,timeout
2026-09-02T16:20:09.323495+00:00,20260902T135103Z,timeout,space,S18-P9,4,3,4,18,9,2,2,120.0,120.0,,,,,,,,,82010,551569744601000,"E{1}xA{4}yA{4}zA{4}u:(x,1)(y,2)(z,3)(u,4)Fgoal",C:\Users\utente\Downloads\VITAMIN-NatSL\benchmark_results\natsl_scalability\models\bounded_opponent_S18_P9_4_agents.txt,timeout
2026-09-02T16:22:09.342545+00:00,20260902T135103Z,timeout,space,S18-P9,4,3,4,18,9,2,3,120.0,120.0,,,,,,,,,82010,551569744601000,"E{1}xA{4}yA{4}zA{4}u:(x,1)(y,2)(z,3)(u,4)Fgoal",C:\Users\utente\Downloads\VITAMIN-NatSL\benchmark_results\natsl_scalability\models\bounded_opponent_S18_P9_4_agents.txt,timeout
2026-09-02T16:24:09.364750+00:00,20260902T135103Z,completed,space,S18-P9,5,4,1,18,9,2,1,120.0,0.09259150002617389,0.078125,33.83984375,True,1,16,1,0,16,2,16,"E{1}xA{1}yA{1}zA{1}uA{1}v:(x,1)(y,2)(z,3)(u,4)(v,5)Fgoal",C:\Users\utente\Downloads\VITAMIN-NatSL\benchmark_results\natsl_scalability\models\bounded_opponent_S18_P9_5_agents.txt,
2026-09-02T16:24:09.727031+00:00,20260902T135103Z,completed,space,S18-P9,5,4,1,18,9,2,2,120.0,0.08048290002625436,0.078125,33.7734375,True,1,16,1,0,16,2,16,"E{1}xA{1}yA{1}zA{1}uA{1}v:(x,1)(y,2)(z,3)(u,4)(v,5)Fgoal",C:\Users\utente\Downloads\VITAMIN-NatSL\benchmark_results\natsl_scalability\models\bounded_opponent_S18_P9_5_agents.txt,
2026-09-02T16:24:10.061581+00:00,20260902T135103Z,completed,space,S18-P9,5,4,1,18,9,2,3,120.0,0.08031170000322163,0.0625,33.8203125,True,1,16,1,0,16,2,16,"E{1}xA{1}yA{1}zA{1}uA{1}v:(x,1)(y,2)(z,3)(u,4)(v,5)Fgoal",C:\Users\utente\Downloads\VITAMIN-NatSL\benchmark_results\natsl_scalability\models\bounded_opponent_S18_P9_5_agents.txt,
2026-09-02T16:24:10.407285+00:00,20260902T135103Z,timeout,space,S18-P9,5,4,2,18,9,2,1,120.0,120.0,,,,,,,,,74,29986576,"E{1}xA{2}yA{2}zA{2}uA{2}v:(x,1)(y,2)(z,3)(u,4)(v,5)Fgoal",C:\Users\utente\Downloads\VITAMIN-NatSL\benchmark_results\natsl_scalability\models\bounded_opponent_S18_P9_5_agents.txt,timeout
2026-09-02T16:26:10.430315+00:00,20260902T135103Z,timeout,space,S18-P9,5,4,2,18,9,2,2,120.0,120.0,,,,,,,,,74,29986576,"E{1}xA{2}yA{2}zA{2}uA{2}v:(x,1)(y,2)(z,3)(u,4)(v,5)Fgoal",C:\Users\utente\Downloads\VITAMIN-NatSL\benchmark_results\natsl_scalability\models\bounded_opponent_S18_P9_5_agents.txt,timeout
2026-09-02T16:28:10.454319+00:00,20260902T135103Z,timeout,space,S18-P9,5,4,2,18,9,2,3,120.0,120.0,,,,,,,,,74,29986576,"E{1}xA{2}yA{2}zA{2}uA{2}v:(x,1)(y,2)(z,3)(u,4)(v,5)Fgoal",C:\Users\utente\Downloads\VITAMIN-NatSL\benchmark_results\natsl_scalability\models\bounded_opponent_S18_P9_5_agents.txt,timeout
2026-09-02T16:30:10.484565+00:00,20260902T135103Z,timeout,space,S18-P9,5,4,3,18,9,2,1,120.0,120.0,,,,,,,,,2522,40455756714256,"E{1}xA{3}yA{3}zA{3}uA{3}v:(x,1)(y,2)(z,3)(u,4)(v,5)Fgoal",C:\Users\utente\Downloads\VITAMIN-NatSL\benchmark_results\natsl_scalability\models\bounded_opponent_S18_P9_5_agents.txt,timeout
2026-09-02T16:32:10.518775+00:00,20260902T135103Z,timeout,space,S18-P9,5,4,3,18,9,2,2,120.0,120.0,,,,,,,,,2522,40455756714256,"E{1}xA{3}yA{3}zA{3}uA{3}v:(x,1)(y,2)(z,3)(u,4)(v,5)Fgoal",C:\Users\utente\Downloads\VITAMIN-NatSL\benchmark_results\natsl_scalability\models\bounded_opponent_S18_P9_5_agents.txt,timeout
2026-09-02T16:34:10.537525+00:00,20260902T135103Z,timeout,space,S18-P9,5,4,3,18,9,2,3,120.0,120.0,,,,,,,,,2522,40455756714256,"E{1}xA{3}yA{3}zA{3}uA{3}v:(x,1)(y,2)(z,3)(u,4)(v,5)Fgoal",C:\Users\utente\Downloads\VITAMIN-NatSL\benchmark_results\natsl_scalability\models\bounded_opponent_S18_P9_5_agents.txt,timeout
2026-09-02T16:36:10.544448+00:00,20260902T135103Z,timeout,space,S18-P9,5,4,4,18,9,2,1,120.0,120.0,,,,,,,,,82010,45234234754728010000,"E{1}xA{4}yA{4}zA{4}uA{4}v:(x,1)(y,2)(z,3)(u,4)(v,5)Fgoal",C:\Users\utente\Downloads\VITAMIN-NatSL\benchmark_results\natsl_scalability\models\bounded_opponent_S18_P9_5_agents.txt,timeout
2026-09-02T16:38:10.578567+00:00,20260902T135103Z,timeout,space,S18-P9,5,4,4,18,9,2,2,120.0,120.0,,,,,,,,,82010,45234234754728010000,"E{1}xA{4}yA{4}zA{4}uA{4}v:(x,1)(y,2)(z,3)(u,4)(v,5)Fgoal",C:\Users\utente\Downloads\VITAMIN-NatSL\benchmark_results\natsl_scalability\models\bounded_opponent_S18_P9_5_agents.txt,timeout
2026-09-02T16:40:10.586750+00:00,20260902T135103Z,timeout,space,S18-P9,5,4,4,18,9,2,3,120.0,120.0,,,,,,,,,82010,45234234754728010000,"E{1}xA{4}yA{4}zA{4}uA{4}v:(x,1)(y,2)(z,3)(u,4)(v,5)Fgoal",C:\Users\utente\Downloads\VITAMIN-NatSL\benchmark_results\natsl_scalability\models\bounded_opponent_S18_P9_5_agents.txt,timeout
